{"cameraMode":{"drawMode":0,"name":"Shaded","section":"Shading Mode"},"sceneLighting":true,"audioPlay":false,"sceneViewState":{"showFog":true,"showMaterialUpdate":false,"showSkybox":false,"showFlares":true,"showImageEffects":true,"showParticleSystems":true},"in2DMode":false,"pivot":{"x":-3362.7666015625,"y":8397.51953125,"z":-2760.244384765625},"rotation":{"x":-0.0044586132280528549,"y":0.9927756786346436,"z":-0.03904583305120468,"w":-0.11336670815944672},"size":5121.24609375,"orthographic":false}