{"cameraMode":{"drawMode":0,"name":"Shaded","section":"Shading Mode"},"sceneLighting":true,"audioPlay":false,"sceneViewState":{"showFog":true,"showMaterialUpdate":false,"showSkybox":false,"showFlares":true,"showImageEffects":true,"showParticleSystems":true},"in2DMode":false,"pivot":{"x":-34.220619201660159,"y":10.260893821716309,"z":-28.013038635253908},"rotation":{"x":-0.0044586132280528549,"y":0.9927756786346436,"z":-0.03904583305120468,"w":-0.11336670815944672},"size":26.64773941040039,"orthographic":false}