{"cameraMode":{"drawMode":0,"name":"Shaded","section":"Shading Mode"},"sceneLighting":true,"audioPlay":false,"sceneViewState":{"showFog":false,"showMaterialUpdate":false,"showSkybox":false,"showFlares":false,"showImageEffects":false,"showParticleSystems":false},"in2DMode":false,"pivot":{"x":732.3209228515625,"y":-613.7054443359375,"z":-126.68434143066406},"rotation":{"x":0.22420133650302888,"y":0.7068588137626648,"z":-0.25547072291374209,"w":0.6203396320343018},"size":274.2165222167969,"orthographic":false}