{"cameraMode":{"drawMode":0,"name":"Shaded","section":"Shading Mode"},"sceneLighting":false,"audioPlay":false,"sceneViewState":{"showFog":false,"showMaterialUpdate":false,"showSkybox":false,"showFlares":false,"showImageEffects":false,"showParticleSystems":false},"in2DMode":false,"pivot":{"x":945.0999755859375,"y":388.6099853515625,"z":0.0},"rotation":{"x":-0.015307103283703328,"y":-0.01590021699666977,"z":0.00024348098668269813,"w":-0.999756395816803},"size":987.9297485351563,"orthographic":false}