{"cameraMode":{"drawMode":0,"name":"Shaded","section":"Shading Mode"},"sceneLighting":true,"audioPlay":false,"sceneViewState":{"showFog":true,"showMaterialUpdate":false,"showSkybox":true,"showFlares":true,"showImageEffects":true,"showParticleSystems":true},"in2DMode":false,"pivot":{"x":-48.97434997558594,"y":-4.683231353759766,"z":-43.267093658447269},"rotation":{"x":-0.20298226177692414,"y":-0.3943876624107361,"z":0.08977095782756806,"w":-0.8917452692985535},"size":199.88829040527345,"orthographic":false}